{
    "colourMode": true,
    "debugColour": {
        "w": 0.800000011920929,
        "x": 1.0,
        "y": 1.0,
        "z": 1.0
    },
    "errorColour": {
        "w": 0.800000011920929,
        "x": 0.800000011920929,
        "y": 0.0,
        "z": 0.0
    },
    "roundedCorners": true,
    "warningColour": {
        "w": 0.800000011920929,
        "x": 0.5,
        "y": 0.5,
        "z": 0.0
    }
}
